row_type,scale_preset,discovery_cases_run,successful_discovery_cases,failed_to_converge_cases,execution_statuses,bridge_ratio_gt_1p5_found,bridge_ratio_gt_1p5_cases,linear_no_nonlinearity_control_remained_dead,max_linear_control_leakage_score,behavioral_candidate_count,component_candidate_count,reject_due_to_control_leakage,closest_python_lc_case,closest_python_lc_variant,closest_python_lc_distance,closest_python_lc_bridge_ratio,closest_python_lc_lock,closest_python_lc_purity,successful_variants_are,failed_convergence_cases,recommended_next_step,case_id,circuit,role,nonlinear_variant,nonlinear_variant_description,nonlinear_realism_score,nonlinear_realism_label,nonlinear_strength_scale,limiter_conductance_scale,coupling_scale,drive_amplitude_scale,solver_profile,maxstep_scale,netlist_path,csv_path,raw_path,execution_status,convergence_failure_reason,ngspice_run_message,source_frequency_hz,generated_frequency_hz,target_frequency_hz,nominal_generated_frequency_hz,nominal_target_frequency_hz,direct_8_drive_present,direct_12_drive_present,target_frequency_injection_present,spice_phase_lock_target,spice_phase_extraction_stable,spice_bridge_ratio,spice_spectral_purity_target,spice_generated_envelope_cv,spice_target_envelope_cv,spice_max_phase_jump,spice_near_slip_count,spice_target_rms_v,spice_generated_rms_v,spice_target_projection_power,spice_target_voltage_growth_ratio,spice_fft_peak_source_hz,spice_fft_peak_source_amp,spice_fft_peak_generated_hz,spice_fft_peak_generated_amp,spice_fft_peak_target_hz,spice_fft_peak_target_amp,target_band_growth,source_fft_peak,generated_fft_peak,target_fft_peak,phase_lock_target,spectral_purity_target,generated_envelope_CV,max_phase_jump,bridge_ratio_vs_direct_4plus8_reference,row_target_band_score,linear_control_leakage_score,python_lc_distance,promotion_category
aggregate,arbitrary-normalized-scale,56,36,20,failed_to_converge;ran_successfully,True,r038;r042,True,0.0,2,0,False,r042,behavioral_proxy_current,1.067996114467785,1.5631690074282802,0.9961927017977427,0.9816579363872546,behavioral-only,r008;r009;r010;r011;r013;r014;r039;r040;r041;r044;r045;r046;r047;r048;r049;r050;r051;r052;r053;r054,"component-level refinement to replace behavioral mixing, then parameter sweep",,,,,,,,,,,,,,,,,,,,,,,,,,,,,,,,,,,,,,,,,,,,,,,,,,,,,,,,,,
spice_refine,arbitrary-normalized-scale,,,,,,,,,,,,,,,,,,,,,r001,r001_beh_ns1_lim1_k1_drv1_default_m1,discovery,behavioral_proxy_current,Behavioral current mixer plus voltage-dependent capacitance proxy.,0.52,aggressive behavioral proxy,1.0,1.0,1.0,1.0,default,1.0,runs\spice_412_refine_nonlinearity\r001_beh_ns1_lim1_k1_drv1_default_m1.cir,runs\spice_412_refine_nonlinearity\r001_beh_ns1_lim1_k1_drv1_default_m1_tran.csv,runs\spice_412_refine_nonlinearity\r001_beh_ns1_lim1_k1_drv1_default_m1.raw,ran_successfully,,returncode=0; log=r001_beh_ns1_lim1_k1_drv1_default_m1.log,0.18,0.36159299999999994,0.5358525808263697,0.36,0.54,False,False,False,0.9970400732873074,True,0.8063931446859259,0.9716873341117486,0.05090603597255544,0.03655071610191916,0.27346668562555165,0.0,0.049236044980062274,0.08441945465937913,0.0023555528968374337,2.0578140070073077,0.1770900920260553,158.5441364357155,0.3618797532706347,42.18961239163273,0.53896984529669,25.42861196755228,2.0578140070073077,0.1770900920260553,0.3618797532706347,0.53896984529669,0.9970400732873074,0.9716873341117486,0.05090603597255544,0.27346668562555165,0.8063931446859259,0.815038171916247,0.0,1.886882800626943,not_promoted
spice_refine,arbitrary-normalized-scale,,,,,,,,,,,,,,,,,,,,,r002,r002_vcap_ns1_lim1_k1_drv1_default_m1,discovery,voltage_dependent_capacitance_proxy,Voltage-dependent capacitance cross-terms without explicit sum-frequency current injection.,0.62,aggressive but component-adjacent,1.0,1.0,1.0,1.0,default,1.0,runs\spice_412_refine_nonlinearity\r002_vcap_ns1_lim1_k1_drv1_default_m1.cir,runs\spice_412_refine_nonlinearity\r002_vcap_ns1_lim1_k1_drv1_default_m1_tran.csv,runs\spice_412_refine_nonlinearity\r002_vcap_ns1_lim1_k1_drv1_default_m1.raw,ran_successfully,,returncode=0; log=r002_vcap_ns1_lim1_k1_drv1_default_m1.log,0.18,0.36159299999999994,0.5358525808263697,0.36,0.54,False,False,False,0.030337866024247474,True,9.649212869592201e-07,0.5878381300543114,0.47719354418019827,0.07076532359644915,3.015594518359393,43.0,6.924526540886592e-05,0.013867256859541394,2.8186290368355673e-09,1.659300097350245,0.1770900920260553,146.438517399914,0.1770900920260553,6.746007136127021,0.53896984529669,0.02851538990062327,1.659300097350245,0.1770900920260553,0.1770900920260553,0.53896984529669,0.030337866024247474,0.5878381300543114,0.47719354418019827,3.015594518359393,9.649212869592201e-07,0.4939193223394989,0.0,10.484275791460018,not_promoted
spice_refine,arbitrary-normalized-scale,,,,,,,,,,,,,,,,,,,,,r003,r003_dpair_ns1_lim1_k1_drv1_default_m1,discovery,diode_pair_proxy,Anti-parallel diode-pair nonlinear coupling proxy.,0.74,"physically plausible component proxy, likely weak",1.0,1.0,1.0,1.0,default,1.0,runs\spice_412_refine_nonlinearity\r003_dpair_ns1_lim1_k1_drv1_default_m1.cir,runs\spice_412_refine_nonlinearity\r003_dpair_ns1_lim1_k1_drv1_default_m1_tran.csv,runs\spice_412_refine_nonlinearity\r003_dpair_ns1_lim1_k1_drv1_default_m1.raw,ran_successfully,,returncode=0; log=r003_dpair_ns1_lim1_k1_drv1_default_m1.log,0.18,0.36159299999999994,0.5358525808263697,0.36,0.54,False,False,False,0.033936759037868025,True,4.6002986400792284e-07,0.48825341504120867,0.48686790500476695,0.10972087613467595,2.8519611317634457,43.0,5.246182388659291e-05,0.013828084588221526,1.3437920274206245e-09,1.6272155385161626,0.1770900920260553,146.27093718716236,0.1770900920260553,6.724431928034444,0.53896984529669,0.01868565687631142,1.6272155385161626,0.1770900920260553,0.1770900920260553,0.53896984529669,0.033936759037868025,0.48825341504120867,0.48686790500476695,2.8519611317634457,4.6002986400792284e-07,0.4441268301952347,0.0,10.720336026388939,not_promoted
spice_refine,arbitrary-normalized-scale,,,,,,,,,,,,,,,,,,,,,r004,r004_vdiode_ns1_lim1_k1_drv1_default_m1,discovery,varactor_diode_model_proxy,Junction-capacitance varactor-diode proxy between adjacent resonators.,0.7,plausible but parameter-sensitive,1.0,1.0,1.0,1.0,default,1.0,runs\spice_412_refine_nonlinearity\r004_vdiode_ns1_lim1_k1_drv1_default_m1.cir,runs\spice_412_refine_nonlinearity\r004_vdiode_ns1_lim1_k1_drv1_default_m1_tran.csv,runs\spice_412_refine_nonlinearity\r004_vdiode_ns1_lim1_k1_drv1_default_m1.raw,ran_successfully,,returncode=0; log=r004_vdiode_ns1_lim1_k1_drv1_default_m1.log,0.18,0.36159299999999994,0.5358525808263697,0.36,0.54,False,False,False,0.039785738486740066,True,1.044119756041783e-06,0.8443577385211225,0.4901606168436344,0.18973922508586627,2.8180036737979464,43.0,6.01014472018238e-05,0.01386064320163906,3.049975476846762e-09,0.3068715192175163,0.1770900920260553,142.3299430193731,0.1770900920260553,6.746414034231304,0.53896984529669,0.028062170673239392,0.3068715192175163,0.1770900920260553,0.1770900920260553,0.53896984529669,0.039785738486740066,0.8443577385211225,0.4901606168436344,2.8180036737979464,1.044119756041783e-06,0.46137458227543826,0.0,9.239301216847268,not_promoted
spice_refine,arbitrary-normalized-scale,,,,,,,,,,,,,,,,,,,,,r005,r005_sat_ns1_lim1_k1_drv1_default_m1,discovery,saturable_inductor_proxy,Cubic restoring-current proxy for saturable magnetic branches.,0.58,aggressive magnetic saturation proxy,1.0,1.0,1.0,1.0,default,1.0,runs\spice_412_refine_nonlinearity\r005_sat_ns1_lim1_k1_drv1_default_m1.cir,runs\spice_412_refine_nonlinearity\r005_sat_ns1_lim1_k1_drv1_default_m1_tran.csv,runs\spice_412_refine_nonlinearity\r005_sat_ns1_lim1_k1_drv1_default_m1.raw,ran_successfully,,returncode=0; log=r005_sat_ns1_lim1_k1_drv1_default_m1.log,0.18,0.36159299999999994,0.5358525808263697,0.36,0.54,False,False,False,0.031957232145757214,True,9.843344077497855e-07,0.5979673729959537,0.4896228374638448,0.07010699918128149,2.8359918485726467,43.0,6.934347572245225e-05,0.013721382809339476,2.8753366529856053e-09,1.6586883421969822,0.1770900920260553,145.31392362009078,0.1770900920260553,6.671100845523479,0.53896984529669,0.02871040450989512,1.6586883421969822,0.1770900920260553,0.1770900920260553,0.53896984529669,0.031957232145757214,0.5979673729959537,0.4896228374638448,2.8359918485726467,9.843344077497855e-07,0.49898394898715226,0.0,10.280917886453327,not_promoted
spice_refine,arbitrary-normalized-scale,,,,,,,,,,,,,,,,,,,,,r006,r006_hybrid_ns1_lim1_k1_drv1_default_m1,discovery,hybrid_varactor_plus_saturable_inductor,Component-adjacent hybrid of varactor diode coupling and saturable magnetic branches.,0.66,"component-plausible hybrid proxy, still parameter-sensitive",1.0,1.0,1.0,1.0,default,1.0,runs\spice_412_refine_nonlinearity\r006_hybrid_ns1_lim1_k1_drv1_default_m1.cir,runs\spice_412_refine_nonlinearity\r006_hybrid_ns1_lim1_k1_drv1_default_m1_tran.csv,runs\spice_412_refine_nonlinearity\r006_hybrid_ns1_lim1_k1_drv1_default_m1.raw,ran_successfully,,returncode=0; log=r006_hybrid_ns1_lim1_k1_drv1_default_m1.log,0.18,0.36159299999999994,0.5358525808263697,0.36,0.54,False,False,False,0.04027803261411437,True,1.0293119646917504e-06,0.8421059010839933,0.49024955351170635,0.19333087889516964,2.8177568085203575,43.0,5.9753475714717986e-05,0.013749539991305536,3.0067204764289213e-09,0.30476107991345636,0.1770900920260553,141.19516377097798,0.1770900920260553,6.692360192273938,0.53896984529669,0.027680682407615266,0.30476107991345636,0.1770900920260553,0.1770900920260553,0.53896984529669,0.04027803261411437,0.8421059010839933,0.49024955351170635,2.8177568085203575,1.0293119646917504e-06,0.4609524904658819,0.0,9.24577811882526,not_promoted
spice_refine,arbitrary-normalized-scale,,,,,,,,,,,,,,,,,,,,,r007,r007_linear_ns1_lim1_k1_drv1_default_m1,discovery,linear_no_nonlinearity_control,Linear LC and weak coupling only; should stay dead at the target band.,1.0,linear control,1.0,1.0,1.0,1.0,default,1.0,runs\spice_412_refine_nonlinearity\r007_linear_ns1_lim1_k1_drv1_default_m1.cir,runs\spice_412_refine_nonlinearity\r007_linear_ns1_lim1_k1_drv1_default_m1_tran.csv,runs\spice_412_refine_nonlinearity\r007_linear_ns1_lim1_k1_drv1_default_m1.raw,ran_successfully,,returncode=0; log=r007_linear_ns1_lim1_k1_drv1_default_m1.log,0.18,0.36159299999999994,0.5358525808263697,0.36,0.54,False,False,False,0.014686750933373086,True,7.436006682826543e-15,1.683877679578056e-06,0.4893102428858749,0.4844041140409572,1.7416608477478661,2.0,3.591597130031247e-06,0.004514826609506333,2.1721299589490777e-17,3.9180459868920994,0.1770900920260553,784.1130472652075,0.1770900920260553,2.216838486165458,0.1770900920260553,0.0017613294611210156,0.0,0.1770900920260553,0.1770900920260553,0.1770900920260553,0.014686750933373086,1.683877679578056e-06,0.4893102428858749,1.7416608477478661,7.436006682826543e-15,0.0,0.0,11.664177843342024,linear_control_dead
spice_refine,arbitrary-normalized-scale,,,,,,,,,,,,,,,,,,,,,r008,r008_beh_ns2_lim1_k1p25_drv1p5_default_m1,discovery,behavioral_proxy_current,Behavioral current mixer plus voltage-dependent capacitance proxy.,0.52,aggressive behavioral proxy,2.0,1.0,1.25,1.5,default,1.0,runs\spice_412_refine_nonlinearity\r008_beh_ns2_lim1_k1p25_drv1p5_default_m1.cir,,,failed_to_converge,"returncode=0 but ngspice reported: doAnalyses: TRAN:  Timestep too small; time = 21.4592, timestep = 6.8369e-13: trouble with node ""n3""; log=r008_beh_ns2_lim1_k1p25_drv1p5_default_m1.log","returncode=0 but ngspice reported: doAnalyses: TRAN:  Timestep too small; time = 21.4592, timestep = 6.8369e-13: trouble with node ""n3""; log=r008_beh_ns2_lim1_k1p25_drv1p5_default_m1.log",0.18,0.36159299999999994,0.5358525808263697,0.36,0.54,False,False,False,,,,,,,,,,,,,,,,,,,,,,,,,,,,,0.0,,not_promoted
spice_refine,arbitrary-normalized-scale,,,,,,,,,,,,,,,,,,,,,r009,r009_beh_ns4_lim1_k1p25_drv1p5_default_m1,discovery,behavioral_proxy_current,Behavioral current mixer plus voltage-dependent capacitance proxy.,0.52,aggressive behavioral proxy,4.0,1.0,1.25,1.5,default,1.0,runs\spice_412_refine_nonlinearity\r009_beh_ns4_lim1_k1p25_drv1p5_default_m1.cir,,,failed_to_converge,"returncode=0 but ngspice reported: doAnalyses: TRAN:  Timestep too small; time = 10.2646, timestep = 2.68569e-14: trouble with node ""n3""; log=r009_beh_ns4_lim1_k1p25_drv1p5_default_m1.log","returncode=0 but ngspice reported: doAnalyses: TRAN:  Timestep too small; time = 10.2646, timestep = 2.68569e-14: trouble with node ""n3""; log=r009_beh_ns4_lim1_k1p25_drv1p5_default_m1.log",0.18,0.36159299999999994,0.5358525808263697,0.36,0.54,False,False,False,,,,,,,,,,,,,,,,,,,,,,,,,,,,,0.0,,not_promoted
spice_refine,arbitrary-normalized-scale,,,,,,,,,,,,,,,,,,,,,r010,r010_beh_ns8_lim0p5_k1p25_drv2_relaxed_m2,discovery,behavioral_proxy_current,Behavioral current mixer plus voltage-dependent capacitance proxy.,0.52,aggressive behavioral proxy,8.0,0.5,1.25,2.0,relaxed,2.0,runs\spice_412_refine_nonlinearity\r010_beh_ns8_lim0p5_k1p25_drv2_relaxed_m2.cir,,,failed_to_converge,"returncode=0 but ngspice reported: doAnalyses: TRAN:  Timestep too small; time = 4.69732, timestep = 1.43778e-12: trouble with node ""n1""; log=r010_beh_ns8_lim0p5_k1p25_drv2_relaxed_m2.log","returncode=0 but ngspice reported: doAnalyses: TRAN:  Timestep too small; time = 4.69732, timestep = 1.43778e-12: trouble with node ""n1""; log=r010_beh_ns8_lim0p5_k1p25_drv2_relaxed_m2.log",0.18,0.36159299999999994,0.5358525808263697,0.36,0.54,False,False,False,,,,,,,,,,,,,,,,,,,,,,,,,,,,,0.0,,not_promoted
spice_refine,arbitrary-normalized-scale,,,,,,,,,,,,,,,,,,,,,r011,r011_beh_ns2_lim0p5_k1p5_drv1p5_default_m1,discovery,behavioral_proxy_current,Behavioral current mixer plus voltage-dependent capacitance proxy.,0.52,aggressive behavioral proxy,2.0,0.5,1.5,1.5,default,1.0,runs\spice_412_refine_nonlinearity\r011_beh_ns2_lim0p5_k1p5_drv1p5_default_m1.cir,,,failed_to_converge,"returncode=0 but ngspice reported: doAnalyses: TRAN:  Timestep too small; time = 16.6604, timestep = 0: trouble with node ""n3""; log=r011_beh_ns2_lim0p5_k1p5_drv1p5_default_m1.log","returncode=0 but ngspice reported: doAnalyses: TRAN:  Timestep too small; time = 16.6604, timestep = 0: trouble with node ""n3""; log=r011_beh_ns2_lim0p5_k1p5_drv1p5_default_m1.log",0.18,0.36159299999999994,0.5358525808263697,0.36,0.54,False,False,False,,,,,,,,,,,,,,,,,,,,,,,,,,,,,0.0,,not_promoted
spice_refine,arbitrary-normalized-scale,,,,,,,,,,,,,,,,,,,,,r012,r012_vcap_ns2_lim1_k1p25_drv1p5_default_m1,discovery,voltage_dependent_capacitance_proxy,Voltage-dependent capacitance cross-terms without explicit sum-frequency current injection.,0.62,aggressive but component-adjacent,2.0,1.0,1.25,1.5,default,1.0,runs\spice_412_refine_nonlinearity\r012_vcap_ns2_lim1_k1p25_drv1p5_default_m1.cir,runs\spice_412_refine_nonlinearity\r012_vcap_ns2_lim1_k1p25_drv1p5_default_m1_tran.csv,runs\spice_412_refine_nonlinearity\r012_vcap_ns2_lim1_k1p25_drv1p5_default_m1.raw,ran_successfully,,returncode=0; log=r012_vcap_ns2_lim1_k1p25_drv1p5_default_m1.log,0.18,0.36159299999999994,0.5358525808263697,0.36,0.54,False,False,False,0.2952329964449819,True,nan,0.27287731702003226,1.3509893814981102,1.3312191992493645,3.016425697720088,21.0,0.002713639224608572,0.025342417933654972,2.0094243131141387e-06,39.92944226336403,0.1770900920260553,219.14182684142884,0.1770900920260553,11.058777695396595,0.53896984529669,0.5629116646394839,39.92944226336403,0.1770900920260553,0.1770900920260553,0.53896984529669,0.2952329964449819,0.27287731702003226,1.3509893814981102,3.016425697720088,nan,0.33643865851001614,0.0,inf,not_promoted
spice_refine,arbitrary-normalized-scale,,,,,,,,,,,,,,,,,,,,,r013,r013_vcap_ns4_lim1_k1p25_drv1p5_default_m1,discovery,voltage_dependent_capacitance_proxy,Voltage-dependent capacitance cross-terms without explicit sum-frequency current injection.,0.62,aggressive but component-adjacent,4.0,1.0,1.25,1.5,default,1.0,runs\spice_412_refine_nonlinearity\r013_vcap_ns4_lim1_k1p25_drv1p5_default_m1.cir,,,failed_to_converge,"returncode=0 but ngspice reported: doAnalyses: TRAN:  Timestep too small; time = 26.5815, timestep = 6.09345e-13: trouble with node ""n2""; log=r013_vcap_ns4_lim1_k1p25_drv1p5_default_m1.log","returncode=0 but ngspice reported: doAnalyses: TRAN:  Timestep too small; time = 26.5815, timestep = 6.09345e-13: trouble with node ""n2""; log=r013_vcap_ns4_lim1_k1p25_drv1p5_default_m1.log",0.18,0.36159299999999994,0.5358525808263697,0.36,0.54,False,False,False,,,,,,,,,,,,,,,,,,,,,,,,,,,,,0.0,,not_promoted
spice_refine,arbitrary-normalized-scale,,,,,,,,,,,,,,,,,,,,,r014,r014_vcap_ns8_lim0p5_k1p25_drv2_relaxed_m2,discovery,voltage_dependent_capacitance_proxy,Voltage-dependent capacitance cross-terms without explicit sum-frequency current injection.,0.62,aggressive but component-adjacent,8.0,0.5,1.25,2.0,relaxed,2.0,runs\spice_412_refine_nonlinearity\r014_vcap_ns8_lim0p5_k1p25_drv2_relaxed_m2.cir,,,failed_to_converge,"returncode=0 but ngspice reported: doAnalyses: TRAN:  Timestep too small; time = 9.7801, timestep = 1.51486e-12: trouble with node ""n2""; log=r014_vcap_ns8_lim0p5_k1p25_drv2_relaxed_m2.log","returncode=0 but ngspice reported: doAnalyses: TRAN:  Timestep too small; time = 9.7801, timestep = 1.51486e-12: trouble with node ""n2""; log=r014_vcap_ns8_lim0p5_k1p25_drv2_relaxed_m2.log",0.18,0.36159299999999994,0.5358525808263697,0.36,0.54,False,False,False,,,,,,,,,,,,,,,,,,,,,,,,,,,,,0.0,,not_promoted
spice_refine,arbitrary-normalized-scale,,,,,,,,,,,,,,,,,,,,,r015,r015_vcap_ns2_lim0p5_k1p5_drv1p5_default_m1,discovery,voltage_dependent_capacitance_proxy,Voltage-dependent capacitance cross-terms without explicit sum-frequency current injection.,0.62,aggressive but component-adjacent,2.0,0.5,1.5,1.5,default,1.0,runs\spice_412_refine_nonlinearity\r015_vcap_ns2_lim0p5_k1p5_drv1p5_default_m1.cir,runs\spice_412_refine_nonlinearity\r015_vcap_ns2_lim0p5_k1p5_drv1p5_default_m1_tran.csv,runs\spice_412_refine_nonlinearity\r015_vcap_ns2_lim0p5_k1p5_drv1p5_default_m1.raw,ran_successfully,,returncode=0; log=r015_vcap_ns2_lim0p5_k1p5_drv1p5_default_m1.log,0.18,0.36159299999999994,0.5358525808263697,0.36,0.54,False,False,False,0.14980538308270944,True,nan,0.005494739897057277,1.3283740072543049,0.96103849370321,2.822392766414442,19.0,9.537754832770326e-05,0.011073588778000118,4.99849714849825e-11,3.6987871648299073,0.1770900920260553,296.07965476947965,0.1770900920260553,4.137531482205127,0.1770900920260553,0.018494215527919588,0.0,0.1770900920260553,0.1770900920260553,0.1770900920260553,0.14980538308270944,0.005494739897057277,1.3283740072543049,2.822392766414442,nan,0.0,0.0,inf,not_promoted
spice_refine,arbitrary-normalized-scale,,,,,,,,,,,,,,,,,,,,,r016,r016_dpair_ns2_lim1_k1p25_drv1p5_default_m1,discovery,diode_pair_proxy,Anti-parallel diode-pair nonlinear coupling proxy.,0.74,"physically plausible component proxy, likely weak",2.0,1.0,1.25,1.5,default,1.0,runs\spice_412_refine_nonlinearity\r016_dpair_ns2_lim1_k1p25_drv1p5_default_m1.cir,runs\spice_412_refine_nonlinearity\r016_dpair_ns2_lim1_k1p25_drv1p5_default_m1_tran.csv,runs\spice_412_refine_nonlinearity\r016_dpair_ns2_lim1_k1p25_drv1p5_default_m1.raw,ran_successfully,,returncode=0; log=r016_dpair_ns2_lim1_k1p25_drv1p5_default_m1.log,0.18,0.36159299999999994,0.5358525808263697,0.36,0.54,False,False,False,0.03432360733718147,True,nan,0.29115848240489833,0.47743247255989174,0.12626451836971153,3.105790430155281,44.0,7.482844917142345e-05,0.020773127504246956,1.6302827606861062e-09,1.4480626037074424,0.1770900920260553,218.54188294444228,0.1770900920260553,10.1006637191673,0.1770900920260553,0.030634194451970374,0.0,0.1770900920260553,0.1770900920260553,0.1770900920260553,0.03432360733718147,0.29115848240489833,0.47743247255989174,3.105790430155281,nan,0.0,0.0,inf,not_promoted
spice_refine,arbitrary-normalized-scale,,,,,,,,,,,,,,,,,,,,,r017,r017_dpair_ns4_lim1_k1p25_drv1p5_default_m1,discovery,diode_pair_proxy,Anti-parallel diode-pair nonlinear coupling proxy.,0.74,"physically plausible component proxy, likely weak",4.0,1.0,1.25,1.5,default,1.0,runs\spice_412_refine_nonlinearity\r017_dpair_ns4_lim1_k1p25_drv1p5_default_m1.cir,runs\spice_412_refine_nonlinearity\r017_dpair_ns4_lim1_k1p25_drv1p5_default_m1_tran.csv,runs\spice_412_refine_nonlinearity\r017_dpair_ns4_lim1_k1p25_drv1p5_default_m1.raw,ran_successfully,,returncode=0; log=r017_dpair_ns4_lim1_k1p25_drv1p5_default_m1.log,0.18,0.36159299999999994,0.5358525808263697,0.36,0.54,False,False,False,0.02977160222082131,True,nan,0.9719328602081764,0.4802151300477438,0.08912338093545916,3.083951928376848,43.0,0.00031403085434253425,0.02076392064998699,9.58475258947445e-08,2.6839539766828056,0.1770900920260553,216.1294414611853,0.1770900920260553,10.087153740616893,0.53896984529669,0.15333630758221056,2.6839539766828056,0.1770900920260553,0.1770900920260553,0.53896984529669,0.02977160222082131,0.9719328602081764,0.4802151300477438,3.083951928376848,nan,0.6000000000000001,0.0,inf,not_promoted
spice_refine,arbitrary-normalized-scale,,,,,,,,,,,,,,,,,,,,,r018,r018_dpair_ns8_lim0p5_k1p25_drv2_relaxed_m2,discovery,diode_pair_proxy,Anti-parallel diode-pair nonlinear coupling proxy.,0.74,"physically plausible component proxy, likely weak",8.0,0.5,1.25,2.0,relaxed,2.0,runs\spice_412_refine_nonlinearity\r018_dpair_ns8_lim0p5_k1p25_drv2_relaxed_m2.cir,runs\spice_412_refine_nonlinearity\r018_dpair_ns8_lim0p5_k1p25_drv2_relaxed_m2_tran.csv,runs\spice_412_refine_nonlinearity\r018_dpair_ns8_lim0p5_k1p25_drv2_relaxed_m2.raw,ran_successfully,,returncode=0; log=r018_dpair_ns8_lim0p5_k1p25_drv2_relaxed_m2.log,0.18,0.36159299999999994,0.5358525808263697,0.36,0.54,False,False,False,0.014576038732994439,True,nan,0.9494269455742979,0.7529201377901299,0.13106515741845476,3.102068536250144,27.0,0.009028988613517523,0.031881556220596824,7.739978670687743e-05,1.6474218030314134,0.1770900920260553,362.3107140280499,0.1770900920260553,12.642479508321435,0.53896984529669,4.743572146714841,1.6474218030314134,0.1770900920260553,0.1770900920260553,0.53896984529669,0.014576038732994439,0.9494269455742979,0.7529201377901299,3.102068536250144,nan,0.6000000000000001,0.0,inf,not_promoted
spice_refine,arbitrary-normalized-scale,,,,,,,,,,,,,,,,,,,,,r019,r019_dpair_ns2_lim0p5_k1p5_drv1p5_default_m1,discovery,diode_pair_proxy,Anti-parallel diode-pair nonlinear coupling proxy.,0.74,"physically plausible component proxy, likely weak",2.0,0.5,1.5,1.5,default,1.0,runs\spice_412_refine_nonlinearity\r019_dpair_ns2_lim0p5_k1p5_drv1p5_default_m1.cir,runs\spice_412_refine_nonlinearity\r019_dpair_ns2_lim0p5_k1p5_drv1p5_default_m1_tran.csv,runs\spice_412_refine_nonlinearity\r019_dpair_ns2_lim0p5_k1p5_drv1p5_default_m1.raw,ran_successfully,,returncode=0; log=r019_dpair_ns2_lim0p5_k1p5_drv1p5_default_m1.log,0.18,0.36159299999999994,0.5358525808263697,0.36,0.54,False,False,False,0.07521671193084598,True,nan,0.9604994838738371,0.7134910525955239,0.12738126405673936,3.080405583040782,25.0,0.0018054037425457854,0.021867167491192743,3.1307314256878694e-06,12.659695472452205,0.1770900920260553,378.38309675639783,0.1770900920260553,8.642399258079962,0.53896984529669,0.9238919224219834,12.659695472452205,0.1770900920260553,0.1770900920260553,0.53896984529669,0.07521671193084598,0.9604994838738371,0.7134910525955239,3.080405583040782,nan,0.6000000000000001,0.0,inf,not_promoted
spice_refine,arbitrary-normalized-scale,,,,,,,,,,,,,,,,,,,,,r020,r020_vdiode_ns2_lim1_k1p25_drv1p5_default_m1,discovery,varactor_diode_model_proxy,Junction-capacitance varactor-diode proxy between adjacent resonators.,0.7,plausible but parameter-sensitive,2.0,1.0,1.25,1.5,default,1.0,runs\spice_412_refine_nonlinearity\r020_vdiode_ns2_lim1_k1p25_drv1p5_default_m1.cir,runs\spice_412_refine_nonlinearity\r020_vdiode_ns2_lim1_k1p25_drv1p5_default_m1_tran.csv,runs\spice_412_refine_nonlinearity\r020_vdiode_ns2_lim1_k1p25_drv1p5_default_m1.raw,ran_successfully,,returncode=0; log=r020_vdiode_ns2_lim1_k1p25_drv1p5_default_m1.log,0.18,0.36159299999999994,0.5358525808263697,0.36,0.54,False,False,False,0.018596824530525424,True,nan,0.9294602533736535,0.49742627373805115,0.07055542890511735,2.774134090522537,43.0,0.00032710369780595335,0.021065812359980066,9.944929990342853e-08,1.6176190689695822,0.1770900920260553,199.9482644968536,0.1770900920260553,10.261491751306986,0.53896984529669,0.16755688581495973,1.6176190689695822,0.1770900920260553,0.1770900920260553,0.53896984529669,0.018596824530525424,0.9294602533736535,0.49742627373805115,2.774134090522537,nan,0.6000000000000001,0.0,inf,not_promoted
spice_refine,arbitrary-normalized-scale,,,,,,,,,,,,,,,,,,,,,r021,r021_vdiode_ns4_lim1_k1p25_drv1p5_default_m1,discovery,varactor_diode_model_proxy,Junction-capacitance varactor-diode proxy between adjacent resonators.,0.7,plausible but parameter-sensitive,4.0,1.0,1.25,1.5,default,1.0,runs\spice_412_refine_nonlinearity\r021_vdiode_ns4_lim1_k1p25_drv1p5_default_m1.cir,runs\spice_412_refine_nonlinearity\r021_vdiode_ns4_lim1_k1p25_drv1p5_default_m1_tran.csv,runs\spice_412_refine_nonlinearity\r021_vdiode_ns4_lim1_k1p25_drv1p5_default_m1.raw,ran_successfully,,returncode=0; log=r021_vdiode_ns4_lim1_k1p25_drv1p5_default_m1.log,0.18,0.36159299999999994,0.5358525808263697,0.36,0.54,False,False,False,0.026683396428600195,True,nan,0.7377669530623384,0.49468107915469584,0.06508773819154917,2.970878529163528,43.0,0.0005051821942390118,0.022108515643623834,1.882848027529104e-07,1.1452794846403749,0.1770900920260553,165.5383997313488,0.1770900920260553,10.789707154299842,0.53896984529669,0.22540420547607873,1.1452794846403749,0.1770900920260553,0.1770900920260553,0.53896984529669,0.026683396428600195,0.7377669530623384,0.49468107915469584,2.970878529163528,nan,0.5688834765311692,0.0,inf,not_promoted
spice_refine,arbitrary-normalized-scale,,,,,,,,,,,,,,,,,,,,,r022,r022_vdiode_ns8_lim0p5_k1p25_drv2_relaxed_m2,discovery,varactor_diode_model_proxy,Junction-capacitance varactor-diode proxy between adjacent resonators.,0.7,plausible but parameter-sensitive,8.0,0.5,1.25,2.0,relaxed,2.0,runs\spice_412_refine_nonlinearity\r022_vdiode_ns8_lim0p5_k1p25_drv2_relaxed_m2.cir,runs\spice_412_refine_nonlinearity\r022_vdiode_ns8_lim0p5_k1p25_drv2_relaxed_m2_tran.csv,runs\spice_412_refine_nonlinearity\r022_vdiode_ns8_lim0p5_k1p25_drv2_relaxed_m2.raw,ran_successfully,,returncode=0; log=r022_vdiode_ns8_lim0p5_k1p25_drv2_relaxed_m2.log,0.18,0.36159299999999994,0.5358525808263697,0.36,0.54,False,False,False,0.03482156169618479,True,nan,0.4339277790486206,0.4565680009475715,0.12580566879693103,2.890378432263219,43.0,0.0012083663773338165,0.03274549729954574,6.335993436406465e-07,0.49344768698320707,0.1770900920260553,167.92152358013533,0.1770900920260553,15.950221118553994,0.1770900920260553,0.43781779215010325,0.0,0.1770900920260553,0.1770900920260553,0.1770900920260553,0.03482156169618479,0.4339277790486206,0.4565680009475715,2.890378432263219,nan,0.0,0.0,inf,not_promoted
spice_refine,arbitrary-normalized-scale,,,,,,,,,,,,,,,,,,,,,r023,r023_vdiode_ns2_lim0p5_k1p5_drv1p5_default_m1,discovery,varactor_diode_model_proxy,Junction-capacitance varactor-diode proxy between adjacent resonators.,0.7,plausible but parameter-sensitive,2.0,0.5,1.5,1.5,default,1.0,runs\spice_412_refine_nonlinearity\r023_vdiode_ns2_lim0p5_k1p5_drv1p5_default_m1.cir,runs\spice_412_refine_nonlinearity\r023_vdiode_ns2_lim0p5_k1p5_drv1p5_default_m1_tran.csv,runs\spice_412_refine_nonlinearity\r023_vdiode_ns2_lim0p5_k1p5_drv1p5_default_m1.raw,ran_successfully,,returncode=0; log=r023_vdiode_ns2_lim0p5_k1p5_drv1p5_default_m1.log,0.18,0.36159299999999994,0.5358525808263697,0.36,0.54,False,False,False,0.02933136183187767,True,nan,0.9332584642486652,0.5024562808517233,0.1540144487680285,3.063539032725572,43.0,0.005076345366003522,0.02009467574110532,2.4049400800706856e-05,2.3813626767780227,0.1770900920260553,322.2559673191804,0.1770900920260553,9.08480156934347,0.53896984529669,2.661318541959962,2.3813626767780227,0.1770900920260553,0.1770900920260553,0.53896984529669,0.02933136183187767,0.9332584642486652,0.5024562808517233,3.063539032725572,nan,0.6000000000000001,0.0,inf,not_promoted
spice_refine,arbitrary-normalized-scale,,,,,,,,,,,,,,,,,,,,,r024,r024_sat_ns2_lim1_k1p25_drv1p5_default_m1,discovery,saturable_inductor_proxy,Cubic restoring-current proxy for saturable magnetic branches.,0.58,aggressive magnetic saturation proxy,2.0,1.0,1.25,1.5,default,1.0,runs\spice_412_refine_nonlinearity\r024_sat_ns2_lim1_k1p25_drv1p5_default_m1.cir,runs\spice_412_refine_nonlinearity\r024_sat_ns2_lim1_k1p25_drv1p5_default_m1_tran.csv,runs\spice_412_refine_nonlinearity\r024_sat_ns2_lim1_k1p25_drv1p5_default_m1.raw,ran_successfully,,returncode=0; log=r024_sat_ns2_lim1_k1p25_drv1p5_default_m1.log,0.18,0.36159299999999994,0.5358525808263697,0.36,0.54,False,False,False,0.03329503824808661,True,nan,0.812105683174533,0.4858393193913178,0.05929016077697018,2.97438291596157,43.0,0.0001878414189958336,0.020074307008396245,2.8654660704656273e-08,2.537100922258675,0.1770900920260553,211.99674213401235,0.1770900920260553,9.760178004851982,0.53896984529669,0.09005007591019687,2.537100922258675,0.1770900920260553,0.1770900920260553,0.53896984529669,0.03329503824808661,0.812105683174533,0.4858393193913178,2.97438291596157,nan,0.6000000000000001,0.0,inf,not_promoted
spice_refine,arbitrary-normalized-scale,,,,,,,,,,,,,,,,,,,,,r025,r025_sat_ns4_lim1_k1p25_drv1p5_default_m1,discovery,saturable_inductor_proxy,Cubic restoring-current proxy for saturable magnetic branches.,0.58,aggressive magnetic saturation proxy,4.0,1.0,1.25,1.5,default,1.0,runs\spice_412_refine_nonlinearity\r025_sat_ns4_lim1_k1p25_drv1p5_default_m1.cir,runs\spice_412_refine_nonlinearity\r025_sat_ns4_lim1_k1p25_drv1p5_default_m1_tran.csv,runs\spice_412_refine_nonlinearity\r025_sat_ns4_lim1_k1p25_drv1p5_default_m1.raw,ran_successfully,,returncode=0; log=r025_sat_ns4_lim1_k1p25_drv1p5_default_m1.log,0.18,0.36159299999999994,0.5358525808263697,0.36,0.54,False,False,False,0.03253549217175798,True,nan,0.7931015162325584,0.4855986638499535,0.06110135320992738,2.9676477049200116,43.0,0.0001729489523865298,0.019449940942156314,2.3722729211711372e-08,2.382345229220846,0.1770900920260553,205.42251464287256,0.1770900920260553,9.457284841088192,0.53896984529669,0.08173710038720769,2.382345229220846,0.1770900920260553,0.1770900920260553,0.53896984529669,0.03253549217175798,0.7931015162325584,0.4855986638499535,2.9676477049200116,nan,0.5965507581162792,0.0,inf,not_promoted
spice_refine,arbitrary-normalized-scale,,,,,,,,,,,,,,,,,,,,,r026,r026_sat_ns8_lim0p5_k1p25_drv2_relaxed_m2,discovery,saturable_inductor_proxy,Cubic restoring-current proxy for saturable magnetic branches.,0.58,aggressive magnetic saturation proxy,8.0,0.5,1.25,2.0,relaxed,2.0,runs\spice_412_refine_nonlinearity\r026_sat_ns8_lim0p5_k1p25_drv2_relaxed_m2.cir,runs\spice_412_refine_nonlinearity\r026_sat_ns8_lim0p5_k1p25_drv2_relaxed_m2_tran.csv,runs\spice_412_refine_nonlinearity\r026_sat_ns8_lim0p5_k1p25_drv2_relaxed_m2.raw,ran_successfully,,returncode=0; log=r026_sat_ns8_lim0p5_k1p25_drv2_relaxed_m2.log,0.18,0.36159299999999994,0.5358525808263697,0.36,0.54,False,False,False,0.09952519098742799,True,nan,0.023745751923894005,0.4694200393110577,0.3911375018142373,3.107946501434469,41.0,3.476861743183336e-05,0.009138700378258592,2.870521271361418e-11,1.3378781296821405,0.1770900920260553,360.67555526805955,0.1770900920260553,4.435987549079304,0.1770900920260553,0.01666509427130997,0.0,0.1770900920260553,0.1770900920260553,0.1770900920260553,0.09952519098742799,0.023745751923894005,0.4694200393110577,3.107946501434469,nan,0.0,0.0,inf,not_promoted
spice_refine,arbitrary-normalized-scale,,,,,,,,,,,,,,,,,,,,,r027,r027_sat_ns2_lim0p5_k1p5_drv1p5_default_m1,discovery,saturable_inductor_proxy,Cubic restoring-current proxy for saturable magnetic branches.,0.58,aggressive magnetic saturation proxy,2.0,0.5,1.5,1.5,default,1.0,runs\spice_412_refine_nonlinearity\r027_sat_ns2_lim0p5_k1p5_drv1p5_default_m1.cir,runs\spice_412_refine_nonlinearity\r027_sat_ns2_lim0p5_k1p5_drv1p5_default_m1_tran.csv,runs\spice_412_refine_nonlinearity\r027_sat_ns2_lim0p5_k1p5_drv1p5_default_m1.raw,ran_successfully,,returncode=0; log=r027_sat_ns2_lim0p5_k1p5_drv1p5_default_m1.log,0.18,0.36159299999999994,0.5358525808263697,0.36,0.54,False,False,False,0.07846153756590205,True,nan,0.02977001526843883,0.4801933885263558,0.3477724940092269,3.1173704611111646,42.0,4.898929024925333e-05,0.010925970602182835,7.144656481843706e-11,1.7101049856817743,0.1770900920260553,423.68658523548464,0.1770900920260553,5.300992432485202,0.1770900920260553,0.023408789854207624,0.0,0.1770900920260553,0.1770900920260553,0.1770900920260553,0.07846153756590205,0.02977001526843883,0.4801933885263558,3.1173704611111646,nan,0.0,0.0,inf,not_promoted
spice_refine,arbitrary-normalized-scale,,,,,,,,,,,,,,,,,,,,,r028,r028_hybrid_ns2_lim1_k1p25_drv1p5_default_m1,discovery,hybrid_varactor_plus_saturable_inductor,Component-adjacent hybrid of varactor diode coupling and saturable magnetic branches.,0.66,"component-plausible hybrid proxy, still parameter-sensitive",2.0,1.0,1.25,1.5,default,1.0,runs\spice_412_refine_nonlinearity\r028_hybrid_ns2_lim1_k1p25_drv1p5_default_m1.cir,runs\spice_412_refine_nonlinearity\r028_hybrid_ns2_lim1_k1p25_drv1p5_default_m1_tran.csv,runs\spice_412_refine_nonlinearity\r028_hybrid_ns2_lim1_k1p25_drv1p5_default_m1.raw,ran_successfully,,returncode=0; log=r028_hybrid_ns2_lim1_k1p25_drv1p5_default_m1.log,0.18,0.36159299999999994,0.5358525808263697,0.36,0.54,False,False,False,0.019188058107998247,True,nan,0.9227206771583694,0.4959283573590768,0.07628207298780776,2.7743854609310006,43.0,0.0003044137883692205,0.020497043910241167,8.55064532293989e-08,1.5360765650037411,0.1770900920260553,194.65318167186385,0.1770900920260553,9.985532917859194,0.53896984529669,0.15558538488704143,1.5360765650037411,0.1770900920260553,0.1770900920260553,0.53896984529669,0.019188058107998247,0.9227206771583694,0.4959283573590768,2.7743854609310006,nan,0.6000000000000001,0.0,inf,not_promoted
spice_refine,arbitrary-normalized-scale,,,,,,,,,,,,,,,,,,,,,r029,r029_hybrid_ns4_lim1_k1p25_drv1p5_default_m1,discovery,hybrid_varactor_plus_saturable_inductor,Component-adjacent hybrid of varactor diode coupling and saturable magnetic branches.,0.66,"component-plausible hybrid proxy, still parameter-sensitive",4.0,1.0,1.25,1.5,default,1.0,runs\spice_412_refine_nonlinearity\r029_hybrid_ns4_lim1_k1p25_drv1p5_default_m1.cir,runs\spice_412_refine_nonlinearity\r029_hybrid_ns4_lim1_k1p25_drv1p5_default_m1_tran.csv,runs\spice_412_refine_nonlinearity\r029_hybrid_ns4_lim1_k1p25_drv1p5_default_m1.raw,ran_successfully,,returncode=0; log=r029_hybrid_ns4_lim1_k1p25_drv1p5_default_m1.log,0.18,0.36159299999999994,0.5358525808263697,0.36,0.54,False,False,False,0.02726120689484567,True,nan,0.7108943474857963,0.49412543250790564,0.0688380042577871,2.953829517883648,43.0,0.0004680353526562669,0.021508791449054775,1.557264480082072e-07,1.1040839005066476,0.1770900920260553,161.19803588116895,0.1770900920260553,10.498241538615865,0.53896984529669,0.2048105321458303,1.1040839005066476,0.1770900920260553,0.1770900920260553,0.53896984529669,0.02726120689484567,0.7108943474857963,0.49412543250790564,2.953829517883648,nan,0.5554471737428981,0.0,inf,not_promoted
spice_refine,arbitrary-normalized-scale,,,,,,,,,,,,,,,,,,,,,r030,r030_hybrid_ns8_lim0p5_k1p25_drv2_relaxed_m2,discovery,hybrid_varactor_plus_saturable_inductor,Component-adjacent hybrid of varactor diode coupling and saturable magnetic branches.,0.66,"component-plausible hybrid proxy, still parameter-sensitive",8.0,0.5,1.25,2.0,relaxed,2.0,runs\spice_412_refine_nonlinearity\r030_hybrid_ns8_lim0p5_k1p25_drv2_relaxed_m2.cir,runs\spice_412_refine_nonlinearity\r030_hybrid_ns8_lim0p5_k1p25_drv2_relaxed_m2_tran.csv,runs\spice_412_refine_nonlinearity\r030_hybrid_ns8_lim0p5_k1p25_drv2_relaxed_m2.raw,ran_successfully,,returncode=0; log=r030_hybrid_ns8_lim0p5_k1p25_drv2_relaxed_m2.log,0.18,0.36159299999999994,0.5358525808263697,0.36,0.54,False,False,False,0.040814964419367425,True,nan,0.3862813251606903,0.45873224066838003,0.10047676987529902,2.9606648505227326,43.0,0.001128998067387559,0.03208986381541372,4.923683289165065e-07,0.6085055228788481,0.1770900920260553,165.13166488380688,0.1770900920260553,15.666385580333884,0.1770900920260553,0.4301062046569802,0.0,0.1770900920260553,0.1770900920260553,0.1770900920260553,0.040814964419367425,0.3862813251606903,0.45873224066838003,2.9606648505227326,nan,0.0,0.0,inf,not_promoted
spice_refine,arbitrary-normalized-scale,,,,,,,,,,,,,,,,,,,,,r031,r031_hybrid_ns2_lim0p5_k1p5_drv1p5_default_m1,discovery,hybrid_varactor_plus_saturable_inductor,Component-adjacent hybrid of varactor diode coupling and saturable magnetic branches.,0.66,"component-plausible hybrid proxy, still parameter-sensitive",2.0,0.5,1.5,1.5,default,1.0,runs\spice_412_refine_nonlinearity\r031_hybrid_ns2_lim0p5_k1p5_drv1p5_default_m1.cir,runs\spice_412_refine_nonlinearity\r031_hybrid_ns2_lim0p5_k1p5_drv1p5_default_m1_tran.csv,runs\spice_412_refine_nonlinearity\r031_hybrid_ns2_lim0p5_k1p5_drv1p5_default_m1.raw,ran_successfully,,returncode=0; log=r031_hybrid_ns2_lim0p5_k1p5_drv1p5_default_m1.log,0.18,0.36159299999999994,0.5358525808263697,0.36,0.54,False,False,False,0.03418548029860168,True,nan,0.9208641764693323,0.4651412758975977,0.16485975515579884,3.1196714196713913,42.0,0.0032775033164810334,0.017263445547273326,9.891948758203032e-06,2.341294247838702,0.1770900920260553,313.43809188701573,0.1770900920260553,8.066483315114148,0.53896984529669,1.7177365940392895,2.341294247838702,0.1770900920260553,0.1770900920260553,0.53896984529669,0.03418548029860168,0.9208641764693323,0.4651412758975977,3.1196714196713913,nan,0.6000000000000001,0.0,inf,not_promoted
spice_refine,arbitrary-normalized-scale,,,,,,,,,,,,,,,,,,,,,r032,r032_linear_ns1_lim1_k1_drv0p5_default_m1,discovery,linear_no_nonlinearity_control,Linear LC and weak coupling only; should stay dead at the target band.,1.0,linear control,1.0,1.0,1.0,0.5,default,1.0,runs\spice_412_refine_nonlinearity\r032_linear_ns1_lim1_k1_drv0p5_default_m1.cir,runs\spice_412_refine_nonlinearity\r032_linear_ns1_lim1_k1_drv0p5_default_m1_tran.csv,runs\spice_412_refine_nonlinearity\r032_linear_ns1_lim1_k1_drv0p5_default_m1.raw,ran_successfully,,returncode=0; log=r032_linear_ns1_lim1_k1_drv0p5_default_m1.log,0.18,0.36159299999999994,0.5358525808263697,0.36,0.54,False,False,False,0.014832983204899359,True,1.904769663045749e-14,1.6663133464426255e-06,0.48924280356395317,0.4843741636868986,1.7409308552877079,2.0,1.795716851595362e-06,0.0022572840596770073,5.3731940354408995e-18,3.9176821963013713,0.1770900920260553,392.0370275153531,0.1770900920260553,1.1083686034487814,0.1770900920260553,0.0008806356758012241,0.0,0.1770900920260553,0.1770900920260553,0.1770900920260553,0.014832983204899359,1.6663133464426255e-06,0.48924280356395317,1.7409308552877079,1.904769663045749e-14,0.0,0.0,11.662581881137712,linear_control_dead
spice_refine,arbitrary-normalized-scale,,,,,,,,,,,,,,,,,,,,,r033,r033_linear_ns1_lim1_k1_drv1p5_default_m1,discovery,linear_no_nonlinearity_control,Linear LC and weak coupling only; should stay dead at the target band.,1.0,linear control,1.0,1.0,1.0,1.5,default,1.0,runs\spice_412_refine_nonlinearity\r033_linear_ns1_lim1_k1_drv1p5_default_m1.cir,runs\spice_412_refine_nonlinearity\r033_linear_ns1_lim1_k1_drv1p5_default_m1_tran.csv,runs\spice_412_refine_nonlinearity\r033_linear_ns1_lim1_k1_drv1p5_default_m1.raw,ran_successfully,,returncode=0; log=r033_linear_ns1_lim1_k1_drv1p5_default_m1.log,0.18,0.36159299999999994,0.5358525808263697,0.36,0.54,False,False,False,0.01452577487903026,True,2.87405439737314e-15,1.6980954388492692e-06,0.48930239650452617,0.48444825304046407,1.7281616270965827,2.0,5.387405177660983e-06,0.006772272203638998,4.9285752191091415e-17,3.9180209295935104,0.1770900920260553,1176.1362584159078,0.1770900920260553,3.3251575900069406,0.1770900920260553,0.002641902710927878,0.0,0.1770900920260553,0.1770900920260553,0.1770900920260553,0.01452577487903026,1.6980954388492692e-06,0.48930239650452617,1.7281616270965827,2.87405439737314e-15,0.0,0.0,11.651467753328724,linear_control_dead
spice_refine,arbitrary-normalized-scale,,,,,,,,,,,,,,,,,,,,,r034,r034_linear_ns1_lim1_k1_drv2_default_m1,discovery,linear_no_nonlinearity_control,Linear LC and weak coupling only; should stay dead at the target band.,1.0,linear control,1.0,1.0,1.0,2.0,default,1.0,runs\spice_412_refine_nonlinearity\r034_linear_ns1_lim1_k1_drv2_default_m1.cir,runs\spice_412_refine_nonlinearity\r034_linear_ns1_lim1_k1_drv2_default_m1_tran.csv,runs\spice_412_refine_nonlinearity\r034_linear_ns1_lim1_k1_drv2_default_m1.raw,ran_successfully,,returncode=0; log=r034_linear_ns1_lim1_k1_drv2_default_m1.log,0.18,0.36159299999999994,0.5358525808263697,0.36,0.54,False,False,False,0.014513046099100218,True,1.1477635826054288e-15,1.6491605189761796e-06,0.48925208733870085,0.4843975093969112,1.742003799961104,2.0,7.183062956892243e-06,0.009029418653426524,8.509073663638576e-17,3.917551192291908,0.1770900920260553,1568.2167389604435,0.1770900920260553,4.4336628971688725,0.1770900920260553,0.0035226762307295997,0.0,0.1770900920260553,0.1770900920260553,0.1770900920260553,0.014513046099100218,1.6491605189761796e-06,0.48925208733870085,1.742003799961104,1.1477635826054288e-15,0.0,0.0,11.665273147500928,linear_control_dead
spice_refine,arbitrary-normalized-scale,,,,,,,,,,,,,,,,,,,,,r035,r035_linear_ns1_lim1_k1p5_drv2_relaxed_m2,discovery,linear_no_nonlinearity_control,Linear LC and weak coupling only; should stay dead at the target band.,1.0,linear control,1.0,1.0,1.5,2.0,relaxed,2.0,runs\spice_412_refine_nonlinearity\r035_linear_ns1_lim1_k1p5_drv2_relaxed_m2.cir,runs\spice_412_refine_nonlinearity\r035_linear_ns1_lim1_k1p5_drv2_relaxed_m2_tran.csv,runs\spice_412_refine_nonlinearity\r035_linear_ns1_lim1_k1p5_drv2_relaxed_m2.raw,ran_successfully,,returncode=0; log=r035_linear_ns1_lim1_k1p5_drv2_relaxed_m2.log,0.18,0.36159299999999994,0.5358525808263697,0.36,0.54,False,False,False,0.008983979813326718,True,nan,4.235502578901219e-06,0.4852146129483794,0.4823486232620136,1.7423620994792568,4.0,1.5098981648318076e-05,0.012539820297448646,9.656066920616702e-16,3.6705578898961244,0.1770900920260553,1469.217740430198,0.1770900920260553,6.247864051037472,0.1770900920260553,0.007516494720914475,0.0,0.1770900920260553,0.1770900920260553,0.1770900920260553,0.008983979813326718,4.235502578901219e-06,0.4852146129483794,1.7423620994792568,nan,0.0,0.0,inf,linear_control_dead
spice_refine,arbitrary-normalized-scale,,,,,,,,,,,,,,,,,,,,,r036,r036_beh_ns0p25_lim1_k1p25_drv1p5_default_m1,discovery,behavioral_proxy_current,Behavioral current mixer plus voltage-dependent capacitance proxy.,0.52,aggressive behavioral proxy,0.25,1.0,1.25,1.5,default,1.0,runs\spice_412_refine_nonlinearity\r036_beh_ns0p25_lim1_k1p25_drv1p5_default_m1.cir,runs\spice_412_refine_nonlinearity\r036_beh_ns0p25_lim1_k1p25_drv1p5_default_m1_tran.csv,runs\spice_412_refine_nonlinearity\r036_beh_ns0p25_lim1_k1p25_drv1p5_default_m1.raw,ran_successfully,,returncode=0; log=r036_beh_ns0p25_lim1_k1p25_drv1p5_default_m1.log,0.18,0.36159299999999994,0.5358525808263697,0.36,0.54,False,False,False,0.9907183438090142,True,0.3856280111999405,0.9901091072766461,0.09264492370684953,0.04758631965165514,0.3472167725636979,0.0,0.004741621413896842,0.027961882720837185,2.22605969524228e-05,6.947276068863883,0.1770900920260553,220.14704823583224,0.1770900920260553,10.133862756186065,0.53896984529669,2.52986156900102,6.947276068863883,0.1770900920260553,0.1770900920260553,0.53896984529669,0.9907183438090142,0.9901091072766461,0.09264492370684953,0.3472167725636979,0.3856280111999405,0.7028341363199841,0.0,2.2063950788841757,not_promoted
spice_refine,arbitrary-normalized-scale,,,,,,,,,,,,,,,,,,,,,r037,r037_beh_ns0p5_lim1_k1p25_drv1p5_default_m1,discovery,behavioral_proxy_current,Behavioral current mixer plus voltage-dependent capacitance proxy.,0.52,aggressive behavioral proxy,0.5,1.0,1.25,1.5,default,1.0,runs\spice_412_refine_nonlinearity\r037_beh_ns0p5_lim1_k1p25_drv1p5_default_m1.cir,runs\spice_412_refine_nonlinearity\r037_beh_ns0p5_lim1_k1p25_drv1p5_default_m1_tran.csv,runs\spice_412_refine_nonlinearity\r037_beh_ns0p5_lim1_k1p25_drv1p5_default_m1.raw,ran_successfully,,returncode=0; log=r037_beh_ns0p5_lim1_k1p25_drv1p5_default_m1.log,0.18,0.36159299999999994,0.5358525808263697,0.36,0.54,False,False,False,0.9969474035783781,True,0.5267290332558507,0.988987390400094,0.05493742681627907,0.03576597792699668,0.2513630260996411,0.0,0.021696483813947797,0.05960001865242553,0.0004655533625697223,2.4725992372307,0.1770900920260553,222.6294663224491,0.3618797532706347,28.485925481355498,0.53896984529669,11.272856988692478,2.4725992372307,0.1770900920260553,0.3618797532706347,0.53896984529669,0.9969474035783781,0.988987390400094,0.05493742681627907,0.2513630260996411,0.5267290332558507,0.7404610755348935,0.0,2.2493246665042164,not_promoted
spice_refine,arbitrary-normalized-scale,,,,,,,,,,,,,,,,,,,,,r038,r038_beh_ns1_lim1_k1p25_drv1p5_default_m1,discovery,behavioral_proxy_current,Behavioral current mixer plus voltage-dependent capacitance proxy.,0.52,aggressive behavioral proxy,1.0,1.0,1.25,1.5,default,1.0,runs\spice_412_refine_nonlinearity\r038_beh_ns1_lim1_k1p25_drv1p5_default_m1.cir,runs\spice_412_refine_nonlinearity\r038_beh_ns1_lim1_k1p25_drv1p5_default_m1_tran.csv,runs\spice_412_refine_nonlinearity\r038_beh_ns1_lim1_k1p25_drv1p5_default_m1.raw,ran_successfully,,returncode=0; log=r038_beh_ns1_lim1_k1p25_drv1p5_default_m1.log,0.18,0.36159299999999994,0.5358525808263697,0.36,0.54,False,False,False,0.9952072248111854,True,4.231482578451208,0.8135073266551713,0.15773726891626946,0.20451758859308658,0.2629592014057037,0.0,0.3016869197725564,0.29772368480627254,0.07404136735206988,6.123897393245585,0.1770900920260553,312.782893014406,0.3618797532706347,153.02930626576094,0.53896984529669,174.2119890236004,6.123897393245585,0.1770900920260553,0.3618797532706347,0.53896984529669,0.9952072248111854,0.8135073266551713,0.15773726891626946,0.2629592014057037,4.231482578451208,1.0,0.0,3.832207732313285,spice_behavioral_bridge_candidate
spice_refine,arbitrary-normalized-scale,,,,,,,,,,,,,,,,,,,,,r039,r039_beh_ns8_lim1_k1p25_drv1p5_default_m1,discovery,behavioral_proxy_current,Behavioral current mixer plus voltage-dependent capacitance proxy.,0.52,aggressive behavioral proxy,8.0,1.0,1.25,1.5,default,1.0,runs\spice_412_refine_nonlinearity\r039_beh_ns8_lim1_k1p25_drv1p5_default_m1.cir,,,failed_to_converge,"returncode=0 but ngspice reported: doAnalyses: TRAN:  Timestep too small; time = 6.11778, timestep = 0: trouble with node ""n3""; log=r039_beh_ns8_lim1_k1p25_drv1p5_default_m1.log","returncode=0 but ngspice reported: doAnalyses: TRAN:  Timestep too small; time = 6.11778, timestep = 0: trouble with node ""n3""; log=r039_beh_ns8_lim1_k1p25_drv1p5_default_m1.log",0.18,0.36159299999999994,0.5358525808263697,0.36,0.54,False,False,False,,,,,,,,,,,,,,,,,,,,,,,,,,,,,0.0,,not_promoted
spice_refine,arbitrary-normalized-scale,,,,,,,,,,,,,,,,,,,,,r040,r040_beh_ns2_lim0p25_k1p25_drv1p5_default_m1,discovery,behavioral_proxy_current,Behavioral current mixer plus voltage-dependent capacitance proxy.,0.52,aggressive behavioral proxy,2.0,0.25,1.25,1.5,default,1.0,runs\spice_412_refine_nonlinearity\r040_beh_ns2_lim0p25_k1p25_drv1p5_default_m1.cir,,,failed_to_converge,"returncode=0 but ngspice reported: doAnalyses: TRAN:  Timestep too small; time = 17.0455, timestep = 5.17073e-13: trouble with node ""n3""; log=r040_beh_ns2_lim0p25_k1p25_drv1p5_default_m1.log","returncode=0 but ngspice reported: doAnalyses: TRAN:  Timestep too small; time = 17.0455, timestep = 5.17073e-13: trouble with node ""n3""; log=r040_beh_ns2_lim0p25_k1p25_drv1p5_default_m1.log",0.18,0.36159299999999994,0.5358525808263697,0.36,0.54,False,False,False,,,,,,,,,,,,,,,,,,,,,,,,,,,,,0.0,,not_promoted
spice_refine,arbitrary-normalized-scale,,,,,,,,,,,,,,,,,,,,,r041,r041_beh_ns2_lim0p5_k1p25_drv1p5_default_m1,discovery,behavioral_proxy_current,Behavioral current mixer plus voltage-dependent capacitance proxy.,0.52,aggressive behavioral proxy,2.0,0.5,1.25,1.5,default,1.0,runs\spice_412_refine_nonlinearity\r041_beh_ns2_lim0p5_k1p25_drv1p5_default_m1.cir,,,failed_to_converge,"returncode=0 but ngspice reported: doAnalyses: TRAN:  Timestep too small; time = 17.0058, timestep = 0: trouble with node ""n3""; log=r041_beh_ns2_lim0p5_k1p25_drv1p5_default_m1.log","returncode=0 but ngspice reported: doAnalyses: TRAN:  Timestep too small; time = 17.0058, timestep = 0: trouble with node ""n3""; log=r041_beh_ns2_lim0p5_k1p25_drv1p5_default_m1.log",0.18,0.36159299999999994,0.5358525808263697,0.36,0.54,False,False,False,,,,,,,,,,,,,,,,,,,,,,,,,,,,,0.0,,not_promoted
spice_refine,arbitrary-normalized-scale,,,,,,,,,,,,,,,,,,,,,r042,r042_beh_ns2_lim2_k1p25_drv1p5_default_m1,discovery,behavioral_proxy_current,Behavioral current mixer plus voltage-dependent capacitance proxy.,0.52,aggressive behavioral proxy,2.0,2.0,1.25,1.5,default,1.0,runs\spice_412_refine_nonlinearity\r042_beh_ns2_lim2_k1p25_drv1p5_default_m1.cir,runs\spice_412_refine_nonlinearity\r042_beh_ns2_lim2_k1p25_drv1p5_default_m1_tran.csv,runs\spice_412_refine_nonlinearity\r042_beh_ns2_lim2_k1p25_drv1p5_default_m1.raw,ran_successfully,,returncode=0; log=r042_beh_ns2_lim2_k1p25_drv1p5_default_m1.log,0.18,0.36159299999999994,0.5358525808263697,0.36,0.54,False,False,False,0.9961927017977427,True,1.5631690074282802,0.9816579363872546,0.09153270273356962,0.03675540026211798,0.2899697271745275,0.0,0.035710014564835045,0.04139428803940726,0.0012518152464195038,1.2767135824822675,0.1770900920260553,68.42214936259828,0.3618797532706347,16.681600981057155,0.53896984529669,18.549043845078486,1.2767135824822675,0.1770900920260553,0.3618797532706347,0.53896984529669,0.9961927017977427,0.9816579363872546,0.09153270273356962,0.2899697271745275,1.5631690074282802,1.0,0.0,1.067996114467785,spice_behavioral_bridge_candidate
spice_refine,arbitrary-normalized-scale,,,,,,,,,,,,,,,,,,,,,r043,r043_beh_ns2_lim4_k1p25_drv1p5_default_m1,discovery,behavioral_proxy_current,Behavioral current mixer plus voltage-dependent capacitance proxy.,0.52,aggressive behavioral proxy,2.0,4.0,1.25,1.5,default,1.0,runs\spice_412_refine_nonlinearity\r043_beh_ns2_lim4_k1p25_drv1p5_default_m1.cir,runs\spice_412_refine_nonlinearity\r043_beh_ns2_lim4_k1p25_drv1p5_default_m1_tran.csv,runs\spice_412_refine_nonlinearity\r043_beh_ns2_lim4_k1p25_drv1p5_default_m1.raw,ran_successfully,,returncode=0; log=r043_beh_ns2_lim4_k1p25_drv1p5_default_m1.log,0.18,0.36159299999999994,0.5358525808263697,0.36,0.54,False,False,False,0.7356623615392921,True,0.5486443648011831,0.9757029632104598,0.46125934022426385,0.035562089998659584,3.074717952689637,26.0,0.007576391319004163,0.024704516894410233,5.600701407034257e-05,1.2969380022152877,0.1770900920260553,27.352055850664094,0.1770900920260553,11.680132600843066,0.53896984529669,3.919453638785265,1.2969380022152877,0.1770900920260553,0.1770900920260553,0.53896984529669,0.7356623615392921,0.9757029632104598,0.46125934022426385,3.074717952689637,0.5486443648011831,0.7463051639469822,0.0,5.30811731348236,not_promoted
spice_refine,arbitrary-normalized-scale,,,,,,,,,,,,,,,,,,,,,r044,r044_beh_ns2_lim1_k0p5_drv1p5_default_m1,discovery,behavioral_proxy_current,Behavioral current mixer plus voltage-dependent capacitance proxy.,0.52,aggressive behavioral proxy,2.0,1.0,0.5,1.5,default,1.0,runs\spice_412_refine_nonlinearity\r044_beh_ns2_lim1_k0p5_drv1p5_default_m1.cir,,,failed_to_converge,"returncode=0 but ngspice reported: doAnalyses: TRAN:  Timestep too small; time = 20.1267, timestep = 4.49434e-13: trouble with node ""n3""; log=r044_beh_ns2_lim1_k0p5_drv1p5_default_m1.log","returncode=0 but ngspice reported: doAnalyses: TRAN:  Timestep too small; time = 20.1267, timestep = 4.49434e-13: trouble with node ""n3""; log=r044_beh_ns2_lim1_k0p5_drv1p5_default_m1.log",0.18,0.36159299999999994,0.5358525808263697,0.36,0.54,False,False,False,,,,,,,,,,,,,,,,,,,,,,,,,,,,,0.0,,not_promoted
spice_refine,arbitrary-normalized-scale,,,,,,,,,,,,,,,,,,,,,r045,r045_beh_ns2_lim1_k0p75_drv1p5_default_m1,discovery,behavioral_proxy_current,Behavioral current mixer plus voltage-dependent capacitance proxy.,0.52,aggressive behavioral proxy,2.0,1.0,0.75,1.5,default,1.0,runs\spice_412_refine_nonlinearity\r045_beh_ns2_lim1_k0p75_drv1p5_default_m1.cir,,,failed_to_converge,"returncode=0 but ngspice reported: doAnalyses: TRAN:  Timestep too small; time = 21.8576, timestep = 5.03779e-13: trouble with node ""n3""; log=r045_beh_ns2_lim1_k0p75_drv1p5_default_m1.log","returncode=0 but ngspice reported: doAnalyses: TRAN:  Timestep too small; time = 21.8576, timestep = 5.03779e-13: trouble with node ""n3""; log=r045_beh_ns2_lim1_k0p75_drv1p5_default_m1.log",0.18,0.36159299999999994,0.5358525808263697,0.36,0.54,False,False,False,,,,,,,,,,,,,,,,,,,,,,,,,,,,,0.0,,not_promoted
spice_refine,arbitrary-normalized-scale,,,,,,,,,,,,,,,,,,,,,r046,r046_beh_ns2_lim1_k1_drv1p5_default_m1,discovery,behavioral_proxy_current,Behavioral current mixer plus voltage-dependent capacitance proxy.,0.52,aggressive behavioral proxy,2.0,1.0,1.0,1.5,default,1.0,runs\spice_412_refine_nonlinearity\r046_beh_ns2_lim1_k1_drv1p5_default_m1.cir,,,failed_to_converge,"returncode=0 but ngspice reported: doAnalyses: TRAN:  Timestep too small; time = 19.8949, timestep = 0: trouble with node ""n3""; log=r046_beh_ns2_lim1_k1_drv1p5_default_m1.log","returncode=0 but ngspice reported: doAnalyses: TRAN:  Timestep too small; time = 19.8949, timestep = 0: trouble with node ""n3""; log=r046_beh_ns2_lim1_k1_drv1p5_default_m1.log",0.18,0.36159299999999994,0.5358525808263697,0.36,0.54,False,False,False,,,,,,,,,,,,,,,,,,,,,,,,,,,,,0.0,,not_promoted
spice_refine,arbitrary-normalized-scale,,,,,,,,,,,,,,,,,,,,,r047,r047_beh_ns2_lim1_k1p5_drv1p5_default_m1,discovery,behavioral_proxy_current,Behavioral current mixer plus voltage-dependent capacitance proxy.,0.52,aggressive behavioral proxy,2.0,1.0,1.5,1.5,default,1.0,runs\spice_412_refine_nonlinearity\r047_beh_ns2_lim1_k1p5_drv1p5_default_m1.cir,,,failed_to_converge,"returncode=0 but ngspice reported: doAnalyses: TRAN:  Timestep too small; time = 25.2729, timestep = 0: trouble with node ""n3""; log=r047_beh_ns2_lim1_k1p5_drv1p5_default_m1.log","returncode=0 but ngspice reported: doAnalyses: TRAN:  Timestep too small; time = 25.2729, timestep = 0: trouble with node ""n3""; log=r047_beh_ns2_lim1_k1p5_drv1p5_default_m1.log",0.18,0.36159299999999994,0.5358525808263697,0.36,0.54,False,False,False,,,,,,,,,,,,,,,,,,,,,,,,,,,,,0.0,,not_promoted
spice_refine,arbitrary-normalized-scale,,,,,,,,,,,,,,,,,,,,,r048,r048_beh_ns2_lim1_k1p25_drv0p5_default_m1,discovery,behavioral_proxy_current,Behavioral current mixer plus voltage-dependent capacitance proxy.,0.52,aggressive behavioral proxy,2.0,1.0,1.25,0.5,default,1.0,runs\spice_412_refine_nonlinearity\r048_beh_ns2_lim1_k1p25_drv0p5_default_m1.cir,,,failed_to_converge,"returncode=0 but ngspice reported: doAnalyses: TRAN:  Timestep too small; time = 56.078, timestep = 0: trouble with node ""n3""; log=r048_beh_ns2_lim1_k1p25_drv0p5_default_m1.log","returncode=0 but ngspice reported: doAnalyses: TRAN:  Timestep too small; time = 56.078, timestep = 0: trouble with node ""n3""; log=r048_beh_ns2_lim1_k1p25_drv0p5_default_m1.log",0.18,0.36159299999999994,0.5358525808263697,0.36,0.54,False,False,False,,,,,,,,,,,,,,,,,,,,,,,,,,,,,0.0,,not_promoted
spice_refine,arbitrary-normalized-scale,,,,,,,,,,,,,,,,,,,,,r049,r049_beh_ns2_lim1_k1p25_drv1_default_m1,discovery,behavioral_proxy_current,Behavioral current mixer plus voltage-dependent capacitance proxy.,0.52,aggressive behavioral proxy,2.0,1.0,1.25,1.0,default,1.0,runs\spice_412_refine_nonlinearity\r049_beh_ns2_lim1_k1p25_drv1_default_m1.cir,,,failed_to_converge,"returncode=0 but ngspice reported: doAnalyses: TRAN:  Timestep too small; time = 27.1064, timestep = 0: trouble with node ""n3""; log=r049_beh_ns2_lim1_k1p25_drv1_default_m1.log","returncode=0 but ngspice reported: doAnalyses: TRAN:  Timestep too small; time = 27.1064, timestep = 0: trouble with node ""n3""; log=r049_beh_ns2_lim1_k1p25_drv1_default_m1.log",0.18,0.36159299999999994,0.5358525808263697,0.36,0.54,False,False,False,,,,,,,,,,,,,,,,,,,,,,,,,,,,,0.0,,not_promoted
spice_refine,arbitrary-normalized-scale,,,,,,,,,,,,,,,,,,,,,r050,r050_beh_ns2_lim1_k1p25_drv2_default_m1,discovery,behavioral_proxy_current,Behavioral current mixer plus voltage-dependent capacitance proxy.,0.52,aggressive behavioral proxy,2.0,1.0,1.25,2.0,default,1.0,runs\spice_412_refine_nonlinearity\r050_beh_ns2_lim1_k1p25_drv2_default_m1.cir,,,failed_to_converge,"returncode=0 but ngspice reported: doAnalyses: TRAN:  Timestep too small; time = 18.8897, timestep = 0: trouble with node ""n3""; log=r050_beh_ns2_lim1_k1p25_drv2_default_m1.log","returncode=0 but ngspice reported: doAnalyses: TRAN:  Timestep too small; time = 18.8897, timestep = 0: trouble with node ""n3""; log=r050_beh_ns2_lim1_k1p25_drv2_default_m1.log",0.18,0.36159299999999994,0.5358525808263697,0.36,0.54,False,False,False,,,,,,,,,,,,,,,,,,,,,,,,,,,,,0.0,,not_promoted
spice_refine,arbitrary-normalized-scale,,,,,,,,,,,,,,,,,,,,,r051,r051_beh_ns2_lim1_k1p25_drv1p5_conservative_m1,discovery,behavioral_proxy_current,Behavioral current mixer plus voltage-dependent capacitance proxy.,0.52,aggressive behavioral proxy,2.0,1.0,1.25,1.5,conservative,1.0,runs\spice_412_refine_nonlinearity\r051_beh_ns2_lim1_k1p25_drv1p5_conservative_m1.cir,,,failed_to_converge,"returncode=0 but ngspice reported: doAnalyses: TRAN:  Timestep too small; time = 19.7006, timestep = 0: trouble with node ""n3""; log=r051_beh_ns2_lim1_k1p25_drv1p5_conservative_m1.log","returncode=0 but ngspice reported: doAnalyses: TRAN:  Timestep too small; time = 19.7006, timestep = 0: trouble with node ""n3""; log=r051_beh_ns2_lim1_k1p25_drv1p5_conservative_m1.log",0.18,0.36159299999999994,0.5358525808263697,0.36,0.54,False,False,False,,,,,,,,,,,,,,,,,,,,,,,,,,,,,0.0,,not_promoted
spice_refine,arbitrary-normalized-scale,,,,,,,,,,,,,,,,,,,,,r052,r052_beh_ns2_lim1_k1p25_drv1p5_relaxed_m1,discovery,behavioral_proxy_current,Behavioral current mixer plus voltage-dependent capacitance proxy.,0.52,aggressive behavioral proxy,2.0,1.0,1.25,1.5,relaxed,1.0,runs\spice_412_refine_nonlinearity\r052_beh_ns2_lim1_k1p25_drv1p5_relaxed_m1.cir,,,failed_to_converge,"returncode=0 but ngspice reported: doAnalyses: TRAN:  Timestep too small; time = 21.631, timestep = 2.17658e-14: trouble with node ""n3""; log=r052_beh_ns2_lim1_k1p25_drv1p5_relaxed_m1.log","returncode=0 but ngspice reported: doAnalyses: TRAN:  Timestep too small; time = 21.631, timestep = 2.17658e-14: trouble with node ""n3""; log=r052_beh_ns2_lim1_k1p25_drv1p5_relaxed_m1.log",0.18,0.36159299999999994,0.5358525808263697,0.36,0.54,False,False,False,,,,,,,,,,,,,,,,,,,,,,,,,,,,,0.0,,not_promoted
spice_refine,arbitrary-normalized-scale,,,,,,,,,,,,,,,,,,,,,r053,r053_beh_ns2_lim1_k1p25_drv1p5_relaxed_m0p5,discovery,behavioral_proxy_current,Behavioral current mixer plus voltage-dependent capacitance proxy.,0.52,aggressive behavioral proxy,2.0,1.0,1.25,1.5,relaxed,0.5,runs\spice_412_refine_nonlinearity\r053_beh_ns2_lim1_k1p25_drv1p5_relaxed_m0p5.cir,,,failed_to_converge,"returncode=0 but ngspice reported: doAnalyses: TRAN:  Timestep too small; time = 22.0489, timestep = 3.46602e-13: trouble with node ""n3""; log=r053_beh_ns2_lim1_k1p25_drv1p5_relaxed_m0p5.log","returncode=0 but ngspice reported: doAnalyses: TRAN:  Timestep too small; time = 22.0489, timestep = 3.46602e-13: trouble with node ""n3""; log=r053_beh_ns2_lim1_k1p25_drv1p5_relaxed_m0p5.log",0.18,0.36159299999999994,0.5358525808263697,0.36,0.54,False,False,False,,,,,,,,,,,,,,,,,,,,,,,,,,,,,0.0,,not_promoted
spice_refine,arbitrary-normalized-scale,,,,,,,,,,,,,,,,,,,,,r054,r054_beh_ns2_lim1_k1p25_drv1p5_relaxed_m2,discovery,behavioral_proxy_current,Behavioral current mixer plus voltage-dependent capacitance proxy.,0.52,aggressive behavioral proxy,2.0,1.0,1.25,1.5,relaxed,2.0,runs\spice_412_refine_nonlinearity\r054_beh_ns2_lim1_k1p25_drv1p5_relaxed_m2.cir,,,failed_to_converge,"returncode=0 but ngspice reported: doAnalyses: TRAN:  Timestep too small; time = 22.0452, timestep = 1.49763e-12: trouble with node ""n3""; log=r054_beh_ns2_lim1_k1p25_drv1p5_relaxed_m2.log","returncode=0 but ngspice reported: doAnalyses: TRAN:  Timestep too small; time = 22.0452, timestep = 1.49763e-12: trouble with node ""n3""; log=r054_beh_ns2_lim1_k1p25_drv1p5_relaxed_m2.log",0.18,0.36159299999999994,0.5358525808263697,0.36,0.54,False,False,False,,,,,,,,,,,,,,,,,,,,,,,,,,,,,0.0,,not_promoted
spice_refine,arbitrary-normalized-scale,,,,,,,,,,,,,,,,,,,,,r055,r055_hybrid_ns0p25_lim1_k1p25_drv1p5_default_m1,discovery,hybrid_varactor_plus_saturable_inductor,Component-adjacent hybrid of varactor diode coupling and saturable magnetic branches.,0.66,"component-plausible hybrid proxy, still parameter-sensitive",0.25,1.0,1.25,1.5,default,1.0,runs\spice_412_refine_nonlinearity\r055_hybrid_ns0p25_lim1_k1p25_drv1p5_default_m1.cir,runs\spice_412_refine_nonlinearity\r055_hybrid_ns0p25_lim1_k1p25_drv1p5_default_m1_tran.csv,runs\spice_412_refine_nonlinearity\r055_hybrid_ns0p25_lim1_k1p25_drv1p5_default_m1.raw,ran_successfully,,returncode=0; log=r055_hybrid_ns0p25_lim1_k1p25_drv1p5_default_m1.log,0.18,0.36159299999999994,0.5358525808263697,0.36,0.54,False,False,False,0.03298425374683542,True,0.0003031136647816038,0.8054726345844475,0.4852777230012719,0.08486164940626291,2.9097047912245984,43.0,0.00014738778071745847,0.020690515188736238,1.7497409229892887e-08,2.147907563741264,0.1770900920260553,218.03089927080555,0.1770900920260553,10.062892267735577,0.53896984529669,0.06726068114498576,2.147907563741264,0.1770900920260553,0.1770900920260553,0.53896984529669,0.03298425374683542,0.8054726345844475,0.4852777230012719,2.9097047912245984,0.0003031136647816038,0.6000808303106084,0.0,9.510482316490393,not_promoted
spice_refine,arbitrary-normalized-scale,,,,,,,,,,,,,,,,,,,,,r056,r056_hybrid_ns0p5_lim1_k1p25_drv1p5_default_m1,discovery,hybrid_varactor_plus_saturable_inductor,Component-adjacent hybrid of varactor diode coupling and saturable magnetic branches.,0.66,"component-plausible hybrid proxy, still parameter-sensitive",0.5,1.0,1.25,1.5,default,1.0,runs\spice_412_refine_nonlinearity\r056_hybrid_ns0p5_lim1_k1p25_drv1p5_default_m1.cir,runs\spice_412_refine_nonlinearity\r056_hybrid_ns0p5_lim1_k1p25_drv1p5_default_m1_tran.csv,runs\spice_412_refine_nonlinearity\r056_hybrid_ns0p5_lim1_k1p25_drv1p5_default_m1.raw,ran_successfully,,returncode=0; log=r056_hybrid_ns0p5_lim1_k1p25_drv1p5_default_m1.log,0.18,0.36159299999999994,0.5358525808263697,0.36,0.54,False,False,False,0.027287401338046215,True,4.150138414067623e-06,0.631475737798508,0.4848369661160291,0.10835343160293105,2.8356794177507965,43.0,7.621563307956562e-05,0.02057181756755495,3.6681306170956073e-09,0.9900044604887152,0.1770900920260553,215.5736645137365,0.1770900920260553,10.007627720461322,0.53896984529669,0.030783464866435545,0.9900044604887152,0.1770900920260553,0.1770900920260553,0.53896984529669,0.027287401338046215,0.631475737798508,0.4848369661160291,2.8356794177507965,4.150138414067623e-06,0.5137398677005741,0.0,10.160346241960177,not_promoted
